City_ID,City,Country,Lat,Lng,Max Temp,Humidity,Cloudiness,Wind Speed,Current Description
0,Nacajuca,MX,18.1333,-93.0167,82.45,78,49,4.61,scattered clouds
1,Bluff,NZ,-46.6,168.3333,59.81,75,100,18.59,overcast clouds
2,Castro,BR,-24.7911,-50.0119,51.46,97,100,7.76,overcast clouds
3,Tasiilaq,GL,65.6145,-37.6368,48.36,85,18,7.83,few clouds
4,Aquiraz,BR,-3.9014,-38.3911,80.69,87,4,14.36,clear sky
5,Souillac,MU,-20.5167,57.5167,71.98,83,75,9.22,broken clouds
6,Rikitea,PF,-23.1203,-134.9692,72.93,69,3,8.99,clear sky
7,Namie,JP,37.4833,141.0,76.71,89,100,2.04,overcast clouds
8,Kapaa,US,22.0752,-159.319,84.52,69,20,3.0,light rain
9,Oranjemund,NA,-28.55,16.4333,55.49,73,100,7.56,overcast clouds
10,Marystown,CA,47.1666,-55.1483,62.83,94,100,3.58,overcast clouds
11,Disna,BY,55.568,28.1971,55.92,97,96,5.41,overcast clouds
12,Ahipara,NZ,-35.1667,173.1667,57.52,62,9,7.63,clear sky
13,Chokurdakh,RU,70.6333,147.9167,62.74,73,100,6.53,overcast clouds
14,Upernavik,GL,72.7868,-56.1549,41.09,92,100,20.6,light rain
15,Deputatskiy,RU,69.3,139.9,63.59,63,100,1.52,overcast clouds
16,Cidreira,BR,-30.1811,-50.2056,48.27,72,1,6.38,clear sky
17,Caravelas,BR,-17.7125,-39.2481,68.68,93,6,4.07,clear sky
18,Pevek,RU,69.7008,170.3133,40.32,71,65,5.03,broken clouds
19,Mataura,NZ,-46.1927,168.8643,59.49,78,100,6.6,overcast clouds
20,Cape Town,ZA,-33.9258,18.4232,51.12,93,75,3.0,light rain
21,Busselton,AU,-33.65,115.3333,59.04,70,86,5.55,overcast clouds
22,Atuona,PF,-9.8,-139.0333,77.72,68,24,16.75,few clouds
23,Pangnirtung,CA,66.1451,-65.7125,46.56,75,100,9.35,overcast clouds
24,Kirakira,SB,-10.4544,161.9205,80.76,82,82,14.97,broken clouds
25,Port Elizabeth,ZA,-33.918,25.5701,57.49,62,0,18.41,clear sky
26,Thompson,CA,55.7435,-97.8558,46.56,93,90,18.41,overcast clouds
27,Port Alfred,ZA,-33.5906,26.891,55.89,82,58,14.7,broken clouds
28,Ushuaia,AR,-54.8,-68.3,42.46,81,40,27.63,scattered clouds
29,Victoria,HK,22.2855,114.1577,90.97,78,98,6.02,overcast clouds
30,Taoudenni,ML,22.6783,-3.9836,100.51,15,58,10.6,broken clouds
31,Foundiougne,SN,14.1333,-16.4667,77.77,78,63,8.99,broken clouds
32,Simao,CN,22.7886,100.9748,67.62,98,100,1.77,overcast clouds
33,Necochea,AR,-38.5473,-58.7368,43.03,79,5,0.09,clear sky
34,Qaanaaq,GL,77.484,-69.3632,40.46,93,100,0.4,overcast clouds
35,Nanortalik,GL,60.1432,-45.2371,45.09,83,46,9.4,scattered clouds
36,Zhigansk,RU,66.7697,123.3711,66.33,48,50,4.59,scattered clouds
37,Kaseda,JP,31.4167,130.3167,81.63,89,100,16.42,overcast clouds
38,Vestmannaeyjar,IS,63.4427,-20.2734,54.25,85,99,10.29,overcast clouds
39,College,US,64.8569,-147.8028,67.98,56,75,3.44,broken clouds
40,Akyab,MM,20.15,92.9,83.44,81,99,8.68,moderate rain
41,Ambilobe,MG,-13.2,49.05,68.52,75,48,3.15,scattered clouds
42,Laguna,US,38.421,-121.4238,99.64,28,1,5.99,clear sky
43,Monrovia,LR,6.3005,-10.7969,76.91,87,100,13.24,moderate rain
44,Baldone,LV,56.7428,24.3944,60.55,99,100,4.03,overcast clouds
45,Chumphon,TH,10.3333,98.8333,73.51,70,99,7.74,overcast clouds
46,Lazaro Cardenas,MX,17.9583,-102.2,80.24,79,11,2.08,few clouds
47,Punta Arenas,CL,-53.15,-70.9167,44.71,87,75,4.61,light rain
48,Sioux Lookout,CA,50.1001,-91.917,61.18,77,75,9.22,broken clouds
49,Tateyama,JP,34.9833,139.8667,82.33,88,100,16.04,overcast clouds
50,Portland,US,45.5234,-122.6762,101.39,34,20,1.01,few clouds
51,Yellowknife,CA,62.456,-114.3525,59.52,47,75,9.22,broken clouds
52,West Bay,KY,19.3667,-81.4167,84.27,81,20,1.99,few clouds
53,Goleniow,PL,53.5639,14.8285,59.49,100,0,3.44,fog
54,Lancaster,US,40.2504,-76.2499,73.65,97,1,1.01,clear sky
55,Arman,RU,59.7,150.1667,65.46,75,17,7.23,few clouds
56,Uhlove,UA,44.8215,33.6045,71.56,77,100,7.94,overcast clouds
57,Albany,US,42.6001,-73.9662,81.25,86,100,4.18,overcast clouds
58,Chulumani,BO,-16.4096,-67.5263,60.46,96,100,1.74,overcast clouds
59,Carnarvon,AU,-24.8667,113.6333,64.47,32,0,14.97,clear sky
60,Katsuura,JP,35.1333,140.3,82.42,79,100,13.51,overcast clouds
61,Hithadhoo,MV,-0.6,73.0833,82.15,73,99,13.58,overcast clouds
62,Lulea,SE,65.5842,22.1547,54.73,82,57,5.86,broken clouds
63,Nalut,LY,30.3333,10.85,85.23,15,0,10.31,clear sky
64,Kununurra,AU,-15.7667,128.7333,89.58,22,96,9.22,overcast clouds
65,Baffa,PK,34.4378,73.2194,78.85,72,86,0.65,overcast clouds
66,Kaniv,UA,49.7518,31.46,62.22,74,0,9.6,clear sky
67,San Andres,CO,12.5847,-81.7006,82.42,83,75,10.36,broken clouds
68,New Norfolk,AU,-42.7826,147.0587,54.91,59,43,7.0,scattered clouds
69,Vaini,TO,-21.2,-175.2,66.36,100,90,3.44,light rain
70,Shihezi,CN,44.3,86.0333,87.94,22,0,4.09,clear sky
71,Puerto Ayora,EC,-0.7393,-90.3518,69.55,87,94,5.99,overcast clouds
72,Jiangyou,CN,31.7667,104.7167,74.16,82,100,1.66,light rain
73,Esperance,AU,-33.8667,121.9,58.84,63,22,12.95,few clouds
74,Sao Cristovao,BR,-11.0147,-37.2064,76.91,73,75,6.91,broken clouds
75,Myitkyina,MM,25.3833,97.4,76.19,100,100,1.57,moderate rain
76,Puerto Narino,CO,-3.7703,-70.3831,78.75,83,43,3.09,scattered clouds
77,Orcopampa,PE,-15.2661,-72.3417,44.64,50,33,3.2,scattered clouds
78,Saint-Philippe,RE,-21.3585,55.7679,69.39,82,39,11.32,scattered clouds
79,Namibe,AO,-15.1961,12.1522,61.43,90,9,11.01,clear sky
80,Selje,NO,62.0459,5.351,61.18,89,100,6.29,overcast clouds
81,Balclutha,NZ,-46.2339,169.75,55.18,61,100,8.55,overcast clouds
82,Longyearbyen,SJ,78.2186,15.6401,46.24,93,90,6.91,overcast clouds
83,Nakhon Phanom,TH,17.3333,104.4167,82.2,80,100,6.11,overcast clouds
84,Santa Vitoria Do Palmar,BR,-33.5189,-53.3681,42.48,83,5,3.13,clear sky
85,Matao,BR,-21.6033,-48.3658,61.05,77,13,9.4,few clouds
86,Cherskiy,RU,68.75,161.3,68.34,33,77,5.95,broken clouds
87,Hobart,AU,-42.8794,147.3294,55.26,56,40,4.0,scattered clouds
88,Chuy,UY,-33.6971,-53.4616,42.62,83,5,3.2,clear sky
89,Mandalgovi,MN,45.7625,106.2708,77.02,23,43,6.17,scattered clouds
90,Yarmouth,US,41.7057,-70.2286,76.44,95,90,8.01,mist
91,Kaitangata,NZ,-46.2817,169.8464,55.67,61,100,12.19,overcast clouds
92,Buala,SB,-8.145,159.5921,77.7,90,100,7.67,moderate rain
93,Shebunino,RU,46.4339,141.8603,66.22,58,5,7.67,clear sky
94,Itoman,JP,26.1247,127.6694,86.38,81,75,25.32,broken clouds
95,Barrow,US,71.2906,-156.7887,37.42,87,90,17.27,light rain
96,Arraial Do Cabo,BR,-22.9661,-42.0278,69.15,89,28,19.19,scattered clouds
97,Jamestown,US,42.097,-79.2353,72.99,84,20,5.99,few clouds
98,Mbengwi,CM,6.0167,10.0,63.0,99,100,3.85,moderate rain
99,Cabinda,AO,-5.55,12.2,72.95,88,48,5.64,scattered clouds
100,Bredasdorp,ZA,-34.5322,20.0403,49.32,81,100,6.91,light rain
101,East London,ZA,-33.0153,27.9116,58.82,73,9,16.73,clear sky
102,Kalevala,RU,65.2,31.1667,58.66,77,97,2.15,overcast clouds
103,Correntina,BR,-13.3433,-44.6367,69.17,41,7,2.51,clear sky
104,Hermanus,ZA,-34.4187,19.2345,48.9,83,100,10.71,moderate rain
105,Narsaq,GL,60.9167,-46.05,50.22,75,85,1.88,overcast clouds
106,Dunmore Town,BS,25.5,-76.65,83.46,75,3,18.9,clear sky
107,Dikson,RU,73.5069,80.5464,42.67,87,23,9.89,few clouds
108,Abbeville,FR,50.1,1.8333,59.27,78,100,1.23,overcast clouds
109,Fomboni,KM,-12.28,43.7425,76.64,71,10,14.63,clear sky
110,Solnechnyy,RU,50.7214,136.6319,73.36,43,41,4.74,scattered clouds
111,Kitimat,CA,54.0524,-128.6534,75.58,56,1,2.89,clear sky
112,Alofi,NU,-19.0595,-169.9187,71.49,94,75,18.41,heavy intensity drizzle
113,Cabo San Lucas,MX,22.8909,-109.9124,84.51,81,40,3.44,scattered clouds
114,Quatre Cocos,MU,-20.2078,57.7625,71.71,85,34,11.52,light rain
115,Avarua,CK,-21.2078,-159.775,73.45,88,90,8.05,overcast clouds
116,Provideniya,RU,64.3833,-173.3,41.11,81,90,6.71,light intensity drizzle
117,Tuktoyaktuk,CA,69.4541,-133.0374,62.6,63,75,11.5,broken clouds
118,Heihe,CN,50.2441,127.4902,72.18,64,0,5.06,clear sky
119,Saint-Augustin,CA,51.226,-58.6502,56.59,72,100,12.15,overcast clouds
120,Sistranda,NO,63.7256,8.834,57.16,88,71,4.47,broken clouds
121,Sokoni,TZ,-6.4333,39.55,75.52,72,5,13.73,clear sky
122,Inirida,CO,3.8653,-67.9239,73.31,99,100,3.87,overcast clouds
123,Clyde River,CA,70.4692,-68.5914,50.23,66,90,16.11,light rain
124,Sorong,ID,-0.8833,131.25,83.01,73,83,0.78,broken clouds
125,Maragogi,BR,-9.0122,-35.2225,73.69,88,92,7.74,overcast clouds
126,Nuevo Laredo,MX,27.4763,-99.5164,93.18,58,1,21.85,clear sky
127,Provost,CA,52.3501,-110.2683,69.22,38,41,13.09,scattered clouds
128,Amga,RU,60.8953,131.9608,83.86,37,96,3.69,overcast clouds
129,Srednekolymsk,RU,67.45,153.6833,73.83,25,98,1.7,overcast clouds
130,Pacific Grove,US,36.6177,-121.9166,81.75,84,1,5.01,clear sky
131,Nikolskoye,RU,59.7035,30.7861,57.02,73,100,4.9,overcast clouds
132,Jackson,US,42.4165,-122.8345,97.86,24,25,1.01,scattered clouds
133,Guerrero Negro,MX,27.9769,-114.0611,78.37,69,33,14.23,scattered clouds
134,Jega,NG,12.2175,4.3792,75.85,88,99,4.85,light rain
135,Jumla,NP,29.2747,82.1838,69.42,79,58,3.78,broken clouds
136,San Bernardo,CL,-33.6,-70.7167,46.44,51,12,1.54,few clouds
137,Ixtapa,MX,20.7,-105.2,78.22,88,90,0.0,overcast clouds
138,Tyler,US,32.3513,-95.3011,85.87,77,1,5.75,clear sky
139,Nome,US,64.5011,-165.4064,50.07,58,90,6.91,overcast clouds
140,Coihaique,CL,-45.5752,-72.0662,35.55,80,1,5.75,clear sky
141,Tazovskiy,RU,67.4667,78.7,47.66,71,4,6.93,clear sky
142,Hami,CN,42.8,93.45,85.89,25,0,4.14,clear sky
143,Gizo,SB,-8.103,156.8419,77.23,89,100,13.29,moderate rain
144,El Alto,PE,-4.2714,-81.2147,61.79,86,94,16.31,overcast clouds
145,Khasan,RU,42.4308,130.6434,67.15,85,100,13.69,overcast clouds
146,Kavieng,PG,-2.5744,150.7967,83.89,70,47,4.81,light rain
147,Iquique,CL,-20.2208,-70.1431,59.04,74,5,3.85,clear sky
148,Iquitos,PE,-3.7481,-73.2472,73.44,94,75,1.14,broken clouds
149,Ancud,CL,-41.8697,-73.8203,42.33,85,0,2.93,clear sky
150,Lebu,CL,-37.6167,-73.65,47.7,82,0,6.02,clear sky
151,Dubuque,US,42.4833,-90.8668,80.51,70,1,11.5,clear sky
152,Saint George,US,37.1041,-113.5841,97.27,26,1,17.27,clear sky
153,Zanzibar,TZ,-6.1639,39.1979,70.88,81,3,6.78,clear sky
154,Nedjo,ET,9.5046,35.5019,57.47,98,91,1.63,overcast clouds
155,Atbasar,KZ,51.8,68.3333,54.81,90,98,11.56,overcast clouds
156,Pisco,PE,-13.7,-76.2167,60.85,77,90,6.91,overcast clouds
157,Hilo,US,19.7297,-155.09,82.13,77,90,8.05,overcast clouds
158,Aykhal,RU,66.0,111.5,64.09,47,100,14.54,overcast clouds
159,Natal,BR,-5.795,-35.2094,74.05,100,75,6.91,broken clouds
160,Te Anau,NZ,-45.4167,167.7167,53.6,86,100,11.65,moderate rain
161,Khatanga,RU,71.9667,102.5,46.17,79,100,15.86,overcast clouds
162,Lar,IN,26.2039,83.9717,81.1,90,100,5.26,very heavy rain
163,Lourdes,FR,43.1,-0.05,65.68,94,75,2.3,broken clouds
164,Paamiut,GL,61.994,-49.6678,43.72,86,95,10.6,overcast clouds
165,Luderitz,NA,-26.6481,15.1594,53.19,85,36,11.25,scattered clouds
166,Aasiaat,GL,68.7098,-52.8699,39.29,82,55,8.23,broken clouds
167,Alyangula,AU,-13.8483,136.4192,85.87,45,0,13.8,clear sky
168,Westport,US,41.1415,-73.3579,81.27,85,40,8.99,heavy intensity rain
169,Vostok,RU,46.4856,135.8833,71.67,40,15,5.17,few clouds
170,Alghero,IT,40.5589,8.3181,77.09,94,20,6.91,few clouds
171,Lyuban,BY,52.7985,28.0048,53.62,96,56,10.07,broken clouds
172,Klaksvik,FO,62.2266,-6.589,54.52,98,100,13.76,overcast clouds
173,Polyarnyy,RU,69.1989,33.4478,48.67,90,54,9.62,broken clouds
174,Broome,US,42.2506,-75.833,81.18,86,1,4.0,clear sky
175,Sinnamary,GF,5.3833,-52.95,77.2,87,100,4.74,overcast clouds
176,Koulikoro,ML,14.0,-7.75,71.19,88,100,9.53,overcast clouds
177,Kormilovka,RU,55.0026,74.1028,55.15,86,100,13.09,overcast clouds
178,Asau,RO,46.4333,26.4,64.76,72,89,1.99,light rain
179,Yulara,AU,-25.2406,130.9889,62.44,36,0,19.57,clear sky
180,Osoyoos,CA,49.0331,-119.4524,101.79,34,0,10.36,clear sky
181,Fort Nelson,CA,58.8053,-122.7002,69.39,37,40,8.05,scattered clouds
182,Ouesso,CG,1.6136,16.0517,71.2,91,96,2.13,overcast clouds
183,Camrose,CA,53.0168,-112.8353,68.4,43,21,13.38,few clouds
184,Phan Thiet,VN,10.9333,108.1,90.25,55,83,9.48,broken clouds
185,Lompoc,US,34.6391,-120.4579,78.21,80,1,10.36,clear sky
186,Zonguldak,TR,41.25,31.8333,61.65,89,58,3.51,broken clouds
187,Cayenne,GF,4.9333,-52.3333,77.09,89,0,1.14,clear sky
188,Tuatapere,NZ,-46.1333,167.6833,58.82,67,100,7.85,moderate rain
189,Port Lincoln,AU,-34.7333,135.8667,59.79,63,6,11.16,clear sky
190,Weyburn,CA,49.6668,-103.8511,70.18,37,2,19.57,clear sky
191,Constitucion,CL,-35.3333,-72.4167,48.29,70,0,1.83,clear sky
192,Mahebourg,MU,-20.4081,57.7,71.89,83,75,9.22,light rain
193,Asfi,MA,32.2994,-9.2372,67.91,93,0,7.92,clear sky
194,Yining,CN,29.0361,114.5636,84.07,86,90,3.44,overcast clouds
195,Meru,KE,0.0463,37.6559,59.25,86,95,2.3,overcast clouds
196,Kupang,ID,-10.1667,123.5833,88.38,51,20,16.11,few clouds
197,Betioky,MG,-23.7167,44.3833,58.42,81,2,3.71,clear sky
198,Meulaboh,ID,4.1363,96.1285,78.71,81,99,5.53,light rain
199,Vila Franca Do Campo,PT,37.7167,-25.4333,72.01,89,10,6.38,clear sky
200,Atambua,ID,-9.1061,124.8925,86.45,47,31,4.63,scattered clouds
201,Kiama,AU,-34.6833,150.8667,69.39,34,0,5.77,clear sky
202,Norman Wells,CA,65.282,-126.8329,60.84,72,75,3.44,shower rain
203,Mount Isa,AU,-20.7333,139.5,83.97,20,0,10.36,clear sky
204,Ponta Do Sol,PT,32.6667,-17.1,74.03,77,19,4.45,few clouds
205,Port-Gentil,GA,-0.7193,8.7815,76.37,80,100,13.2,overcast clouds
206,Hualmay,PE,-11.0964,-77.6139,62.06,82,33,8.97,scattered clouds
207,Youghal,IE,51.95,-7.8506,56.01,100,99,14.14,overcast clouds
208,Labuan,MY,5.2767,115.2417,88.16,66,20,3.44,few clouds
209,Talcahuano,CL,-36.7167,-73.1167,44.28,100,0,5.75,clear sky
210,Vardo,NO,70.3705,31.1107,51.96,95,65,2.77,broken clouds
211,Surt,LY,31.2089,16.5887,83.05,57,0,7.14,clear sky
212,Mar Del Plata,AR,-38.0023,-57.5575,46.42,66,75,9.22,broken clouds
213,Samarai,PG,-10.6167,150.6667,79.14,84,67,13.91,broken clouds
214,Champoton,MX,19.35,-90.7167,73.42,87,98,6.58,overcast clouds
215,Merauke,ID,-8.4667,140.3333,80.67,78,89,14.34,overcast clouds
216,Salalah,OM,17.0151,54.0924,77.09,83,90,5.75,overcast clouds
217,Rovaniemi,FI,66.5,25.7167,58.41,100,90,9.22,overcast clouds
218,Bairiki,KI,1.3292,172.9752,87.8,62,20,9.22,few clouds
219,Omboue,GA,-1.5746,9.2618,74.26,83,100,6.15,overcast clouds
220,Fairbanks,US,64.8378,-147.7164,68.0,57,1,0.0,clear sky
221,Yerbogachen,RU,61.2767,108.0108,73.6,44,5,5.79,clear sky
222,Kodiak,US,57.79,-152.4072,58.51,77,75,9.22,broken clouds
223,Lubumbashi,CD,-11.6609,27.4794,52.3,45,0,3.44,clear sky
224,Baculin,PH,7.4525,126.5842,86.61,64,22,6.76,few clouds
225,Puerto Baquerizo Moreno,EC,-0.9,-89.6,68.61,83,66,12.03,broken clouds
226,Hasaki,JP,35.7333,140.8333,82.69,76,100,8.21,light rain
227,Vila,PT,42.0304,-8.1588,58.69,86,0,2.13,clear sky
228,Mehamn,NO,71.0357,27.8492,53.24,97,99,16.31,light rain
229,Sijunjung,ID,-0.6876,100.9537,83.12,69,85,2.19,overcast clouds
230,Naze,JP,28.3667,129.4833,83.32,84,49,19.91,scattered clouds
231,Aswan,EG,24.0934,32.907,83.5,26,0,9.22,clear sky
232,King City,US,36.2127,-121.126,89.78,40,29,8.7,scattered clouds
233,Leningradskiy,RU,69.3833,178.4167,39.67,80,96,6.22,overcast clouds
234,Airai,TL,-8.9266,125.4092,74.5,46,29,5.99,scattered clouds
235,Puchov,SK,49.1249,18.326,61.11,91,4,3.0,clear sky
236,Banda Aceh,ID,5.5577,95.3222,83.32,69,100,11.79,overcast clouds
237,Chicama,PE,-7.8447,-79.1469,63.68,81,32,5.95,scattered clouds
238,Labuhan,ID,-6.8844,112.2051,84.43,57,9,8.3,clear sky
239,Fortuna,US,40.5982,-124.1573,61.93,85,1,1.01,clear sky
240,Alice Springs,AU,-23.7,133.8833,60.35,41,1,20.71,clear sky
241,Nuuk,GL,64.1835,-51.7216,47.01,81,73,2.3,broken clouds
242,Torbay,CA,47.6666,-52.7314,59.88,96,90,6.91,mist
243,Rosarito,MX,32.3333,-117.0333,83.93,70,5,7.94,clear sky
244,Ampanihy,MG,-24.7,44.75,62.24,69,0,8.79,clear sky
245,Mozarlandia,BR,-14.7447,-50.5706,75.72,28,2,4.52,clear sky
246,Lorengau,PG,-2.0226,147.2712,86.13,63,32,6.69,scattered clouds
247,Marsa Matruh,EG,31.3525,27.2453,80.8,78,0,6.91,clear sky
248,Karratha,AU,-20.7377,116.8463,73.89,18,0,21.12,clear sky
249,Mangan,IN,27.5167,88.5333,81.18,87,100,2.19,overcast clouds
250,Ribeira Grande,PT,38.5167,-28.7,72.84,85,66,15.57,broken clouds
251,Vila Velha,BR,-20.3297,-40.2925,69.75,94,40,6.91,scattered clouds
252,Velyka Bilozerka,UA,47.2776,34.7062,69.31,74,100,8.5,overcast clouds
253,Punta Cardon,VE,11.6581,-70.215,82.42,82,75,22.03,broken clouds
254,Tsiroanomandidy,MG,-18.7667,46.0333,56.89,72,1,2.98,clear sky
255,Kaya,BF,13.0917,-1.0844,73.26,89,89,11.9,overcast clouds
256,Nouadhibou,MR,20.931,-17.0347,69.78,78,0,19.57,clear sky
257,Fergus Falls,US,46.283,-96.0776,72.86,56,40,8.05,scattered clouds
258,Butaritari,KI,3.0707,172.7902,83.28,66,1,9.55,clear sky
259,Bengkulu,ID,-3.8004,102.2655,80.28,75,100,3.96,overcast clouds
260,Plouzane,FR,48.3833,-4.6167,57.52,97,0,6.91,clear sky
261,Jacqueville,CI,5.2052,-4.4146,76.91,90,95,13.4,light rain
262,Mangrol,IN,21.1167,70.1167,81.36,80,100,13.62,overcast clouds
263,Biak,ID,-0.9131,122.8766,82.11,73,56,6.29,broken clouds
264,Tautira,PF,-17.7333,-149.15,77.02,80,93,15.28,light rain
265,Vung Tau,VN,10.346,107.0843,84.07,71,77,4.72,broken clouds
266,Drayton Valley,CA,53.2168,-114.9854,56.82,52,66,4.85,broken clouds
267,Killybegs,IE,54.6333,-8.45,54.45,82,91,14.76,overcast clouds
268,Huayang,CN,34.4155,109.9939,62.28,93,100,0.67,moderate rain
269,Manama,BH,26.2154,50.5832,91.38,70,0,2.3,clear sky
270,Virginia Beach,US,36.8529,-75.978,86.02,78,40,10.36,scattered clouds
271,Banepa,NP,27.6298,85.5214,73.72,88,75,3.44,broken clouds
272,Nainpur,IN,22.4333,80.1167,80.28,78,97,8.14,overcast clouds
273,Isangel,VU,-19.55,169.2667,77.11,53,40,11.5,haze
274,Kedrovyy,RU,56.1667,91.8167,68.41,65,49,7.9,scattered clouds
275,Sitka,US,57.0531,-135.33,60.69,82,90,5.75,light rain
276,Aguimes,ES,27.9054,-15.4461,68.67,60,20,19.57,few clouds
277,Christchurch,NZ,-43.5333,172.6333,59.2,47,100,9.22,overcast clouds
278,Porto Novo,BJ,6.4965,2.6036,78.62,89,87,6.64,light rain
279,Tiksi,RU,71.6872,128.8694,60.71,61,100,7.54,overcast clouds
280,Palana,RU,59.1167,159.9667,54.41,78,13,4.92,few clouds
281,Bokoro,TD,12.3807,17.0568,73.85,88,100,6.87,light rain
282,Cascais,PT,38.6979,-9.4215,66.61,74,1,14.07,clear sky
283,Nuevitas,CU,21.5453,-77.2644,80.91,79,3,10.33,clear sky
284,Liwale,TZ,-9.7667,37.9333,58.37,92,2,2.8,clear sky
285,Juegang,CN,32.3174,121.1855,83.14,80,93,11.25,light rain
286,Walvis Bay,NA,-22.9575,14.5053,52.09,87,7,4.61,clear sky
287,Linguere,SN,15.3953,-15.1193,77.59,72,21,9.69,few clouds
288,Georgetown,MY,5.4112,100.3354,85.93,79,20,2.3,few clouds
289,Petropavlovsk-Kamchatskiy,RU,53.0452,158.6483,63.19,68,20,13.42,few clouds
290,Prince George,CA,53.9166,-122.753,77.25,29,1,1.99,clear sky
291,Kenai,US,60.5544,-151.2583,59.09,81,90,6.91,overcast clouds
292,Pandan,PH,14.0453,124.1694,86.52,67,100,2.62,light rain
293,Bethel,US,41.3712,-73.414,80.01,83,62,1.01,broken clouds
294,Kavaratti,IN,10.5669,72.642,81.91,79,100,17.81,overcast clouds
295,Pudozh,RU,61.8099,36.5345,61.56,87,100,3.06,overcast clouds
296,Emba,KZ,48.8264,58.1442,64.63,47,0,17.18,clear sky
297,Hambantota,LK,6.1241,81.1185,80.94,89,75,14.97,broken clouds
298,Cockburn Town,TC,21.4612,-71.1419,82.0,70,7,25.55,clear sky
299,Lata,PT,40.1629,-8.3327,64.92,93,67,2.44,broken clouds
300,Manali,IN,13.1667,80.2667,84.29,62,100,6.22,overcast clouds
301,Dingle,PH,10.9995,122.6711,87.17,65,83,5.61,broken clouds
302,Coquimbo,CL,-29.9533,-71.3436,53.33,76,90,3.44,overcast clouds
303,Seoul,KR,37.5683,126.9778,87.4,56,75,3.44,broken clouds
304,Semey,KZ,50.4111,80.2275,61.02,88,0,2.24,clear sky
305,Kahului,US,20.8947,-156.47,87.06,69,20,20.71,few clouds
306,Nishihara,JP,26.1842,127.7558,85.66,82,75,21.85,broken clouds
307,Maydolong,PH,11.4992,125.5011,85.03,70,99,5.41,overcast clouds
308,Touros,BR,-5.1989,-35.4608,74.3,88,3,10.07,clear sky
309,Carbonia,IT,39.1672,8.5222,79.99,63,8,1.97,clear sky
310,Makakilo City,US,21.3469,-158.0858,86.32,55,90,6.91,overcast clouds
311,Matara,LK,5.9485,80.5353,80.69,79,100,14.88,overcast clouds
312,Leshukonskoye,RU,64.8989,45.7622,62.24,99,100,3.83,overcast clouds
313,Kutum,SD,14.2,24.6667,71.58,73,99,3.65,overcast clouds
314,California City,US,35.1258,-117.9859,99.81,18,1,8.99,clear sky
315,Bathsheba,BB,13.2167,-59.5167,81.21,78,40,14.97,scattered clouds
316,Stolin,BY,51.8912,26.846,53.85,95,1,8.59,clear sky
317,Dire Dawa,ET,9.5931,41.8661,69.89,66,12,17.45,few clouds
318,Jinji,CN,23.2281,110.8261,88.34,70,95,4.14,overcast clouds
319,Ust-Tsilma,RU,65.441,52.1498,57.0,93,100,5.97,overcast clouds
320,Kudahuvadhoo,MV,2.6708,72.8944,83.12,73,99,15.05,overcast clouds
321,Lavrentiya,RU,65.5833,-171.0,42.64,65,100,3.62,overcast clouds
322,Salamiyah,SY,35.0113,37.0532,75.06,60,0,3.38,clear sky
323,Belmonte,BR,-15.8631,-38.8828,68.5,86,7,3.56,clear sky
324,Marawi,PH,7.9986,124.2928,76.64,61,20,3.44,few clouds
325,Lodwar,KE,3.1191,35.5973,78.1,56,56,10.27,broken clouds
326,Kautokeino,NO,69.0125,23.0412,53.78,94,95,3.47,overcast clouds
327,Udachnyy,RU,66.4167,112.4,68.67,42,100,12.26,overcast clouds
328,Abaetetuba,BR,-1.7181,-48.8825,75.24,92,96,3.53,light rain
329,Sobolevo,RU,54.4299,31.8996,56.75,94,21,5.86,few clouds
330,Nachingwea,TZ,-10.3833,38.7667,60.44,93,3,1.95,clear sky
331,Dunedin,NZ,-45.8742,170.5036,57.79,47,100,13.0,overcast clouds
332,Ouargaye,BF,11.5033,0.0572,72.43,93,100,5.53,overcast clouds
333,Vao,NC,-22.6667,167.4833,67.86,58,47,21.25,scattered clouds
334,Goure,NE,13.9835,10.2704,76.01,75,86,8.23,overcast clouds
335,Hobyo,SO,5.3505,48.5268,75.9,85,38,18.66,scattered clouds
336,Zheleznodorozhnyy,RU,55.7503,38.0042,65.75,99,100,3.83,light rain
337,Bath,GB,51.3779,-2.3591,63.16,91,85,4.43,overcast clouds
338,Yauya,PE,-8.9833,-77.3,47.64,79,79,4.0,broken clouds
339,Saldanha,ZA,-33.0117,17.9442,51.85,85,100,18.52,light rain
340,Lagos,NG,6.5833,3.75,75.52,91,98,5.55,light rain
341,Sheridan,US,44.8333,-106.9173,82.58,35,1,1.01,clear sky
342,Nizhniy Baskunchak,RU,48.2198,46.8311,82.08,28,46,6.53,scattered clouds
343,Hailar,CN,49.2,119.7,61.48,76,100,10.8,overcast clouds
344,Itaituba,BR,-4.2761,-55.9836,84.07,43,99,0.36,overcast clouds
345,Naryan-Mar,RU,67.6713,53.087,60.04,88,100,5.77,overcast clouds
346,Janauba,BR,-15.8025,-43.3089,72.46,36,3,5.93,clear sky
347,Kovur,IN,14.4833,79.9833,85.82,61,100,11.5,overcast clouds
348,Puerto Plata,DO,19.7934,-70.6884,75.04,94,40,11.5,scattered clouds
349,Viedma,AR,-40.8135,-62.9967,40.33,58,0,8.5,clear sky
350,Severo-Kurilsk,RU,50.6789,156.125,57.0,69,100,9.91,overcast clouds
351,Ilo,PE,-17.6394,-71.3375,59.58,86,37,5.39,scattered clouds
352,Luanda,AO,-8.8368,13.2343,71.6,88,75,5.75,broken clouds
353,Saskylakh,RU,71.9167,114.0833,54.39,57,57,15.61,broken clouds
354,Poum,NC,-20.2333,164.0167,72.1,60,46,17.58,scattered clouds
355,Yuza,JP,39.0,139.9167,75.25,68,67,0.98,broken clouds
356,Saint-Leu,RE,-21.15,55.2833,68.86,75,3,7.11,clear sky
357,Egvekinot,RU,66.3167,-179.1667,41.34,65,97,4.12,overcast clouds
358,Boguchany,RU,58.3814,97.4531,73.09,42,100,6.17,overcast clouds
359,Lokosovo,RU,61.1333,74.8167,57.07,58,5,11.27,clear sky
360,Aksu,CN,41.1231,80.2644,80.8,35,6,4.76,clear sky
361,Dubbo,AU,-32.25,148.6167,60.93,55,40,9.22,scattered clouds
362,Teya,RU,60.3778,92.6267,73.4,48,100,2.55,overcast clouds
363,Stornoway,GB,58.2093,-6.3865,48.92,100,75,0.0,broken clouds
364,Koraput,IN,18.8167,82.7167,76.8,75,99,4.41,overcast clouds
365,Ilulissat,GL,69.2167,-51.1,44.62,81,75,4.61,broken clouds
366,Aklavik,CA,68.2191,-135.0107,67.03,47,83,8.19,broken clouds
367,Sur,OM,22.5667,59.5289,88.23,59,8,4.74,clear sky
368,Maniitsoq,GL,65.4167,-52.9,43.84,82,49,7.36,scattered clouds
369,Miandrivazo,MG,-19.5167,45.4667,68.09,51,64,2.1,broken clouds
370,Oranzherei,RU,45.8476,47.5663,76.96,60,99,4.65,overcast clouds
371,Baturaja,ID,-4.1333,104.1667,84.85,58,80,5.73,broken clouds
372,Lake Havasu City,US,34.4839,-114.3224,97.41,33,1,4.0,clear sky
373,Oros,BR,-6.2444,-38.9136,79.97,54,60,5.57,broken clouds
374,Chitral,PK,35.8462,71.7858,78.31,49,0,3.18,clear sky
375,Ntungamo,UG,-0.8833,29.65,63.27,87,36,2.64,light rain
376,Harper,LR,4.375,-7.7169,77.27,81,100,12.21,overcast clouds
377,La Ronge,CA,55.1001,-105.2842,57.45,44,40,17.27,scattered clouds
378,Stephenville,US,32.2207,-98.2023,87.93,50,1,8.05,clear sky
379,Waihi Beach,NZ,-37.4,175.9333,62.82,65,53,5.99,broken clouds
380,Hovd,MN,48.0056,91.6419,67.15,41,39,1.61,scattered clouds
381,Xacmaz,AZ,41.4635,48.806,83.26,33,98,1.59,overcast clouds
382,Impfondo,CG,1.6381,18.0667,70.79,88,92,2.53,overcast clouds
383,Novobessergenevka,RU,47.1847,38.8462,75.58,75,33,4.14,scattered clouds
384,Codrington,AU,-38.2667,141.9667,55.87,75,68,13.04,broken clouds
385,Boueni,YT,-12.9025,45.0761,75.18,66,10,14.09,clear sky
386,Nuevo Progreso,MX,23.1667,-97.95,84.6,66,0,1.01,clear sky
387,Kouango,CF,4.9934,19.9619,68.99,98,92,1.54,light rain
388,Umtata,ZA,-31.5889,28.7844,50.56,71,0,10.36,clear sky
389,Andros Town,BS,24.7,-77.7667,83.93,70,5,15.43,clear sky
390,Tigil,RU,57.8,158.6667,69.04,51,3,1.57,clear sky
391,Gopalpur,IN,19.2667,84.9167,89.96,61,100,4.9,overcast clouds
392,Marzuq,YE,14.4,46.4667,74.48,54,90,6.04,overcast clouds
393,Smithville,US,39.3869,-94.5811,89.67,57,1,12.66,clear sky
394,Wenshang,CN,35.7275,116.4961,83.23,71,96,3.56,light rain
395,Kawalu,ID,-7.3817,108.2082,78.31,69,28,4.18,scattered clouds
396,Faanui,PF,-16.4833,-151.75,78.75,72,8,13.31,clear sky
397,Sakakah,SA,29.9697,40.2064,85.57,25,0,6.17,clear sky
398,Tual,ID,-5.6667,132.75,80.8,81,27,20.49,scattered clouds
399,Tarnos,FR,43.5417,-1.4628,70.11,94,90,4.61,overcast clouds
400,Saint-Joseph,RE,-21.3667,55.6167,68.38,79,23,8.37,few clouds
401,Tura,IN,25.5198,90.2201,75.18,98,100,5.93,overcast clouds
402,Najran,SA,17.4924,44.1277,83.05,41,66,5.66,broken clouds
403,Lagoa,PT,39.05,-27.9833,72.12,83,34,13.65,scattered clouds
404,Muhos,FI,64.808,25.9931,58.89,97,7,4.74,clear sky
405,Awbari,LY,26.5921,12.7805,84.94,19,0,7.94,clear sky
406,Ornskoldsvik,SE,63.2909,18.7153,49.82,100,5,4.61,fog
407,Pauini,BR,-7.7136,-66.9764,77.49,42,64,2.84,broken clouds
408,Auki,SB,-8.7676,160.7034,77.97,88,100,5.35,overcast clouds
409,Zalari,RU,53.5584,102.5065,73.9,52,7,4.38,clear sky
410,Batagay-Alyta,RU,67.8006,130.4114,72.72,37,78,7.92,broken clouds
411,La Palma,US,33.8464,-118.0467,92.71,55,1,4.0,clear sky
412,Spanish Fork,US,40.115,-111.6549,85.66,24,20,9.22,few clouds
413,Ambanja,MG,-13.6833,48.45,67.46,92,2,3.6,clear sky
414,Novo Aripuana,BR,-5.1206,-60.3797,83.23,38,89,0.38,overcast clouds
415,Long Beach,US,33.767,-118.1892,94.73,68,1,7.0,clear sky
416,Mizan Teferi,ET,6.9833,35.5833,60.62,91,95,2.17,overcast clouds
417,Pervomayskaya,RU,43.4033,45.5261,75.0,73,0,8.95,clear sky
418,Mount Gambier,AU,-37.8333,140.7667,57.11,72,75,18.41,broken clouds
419,Caucaia,BR,-3.7361,-38.6531,80.55,77,75,20.71,broken clouds
420,Ciro Marina,IT,39.3732,17.126,76.86,60,0,9.73,clear sky
421,Vanimo,PG,-2.6741,141.3028,85.86,67,47,9.8,scattered clouds
422,Thinadhoo,MV,0.5333,72.9333,82.6,72,81,11.97,broken clouds
423,Bismarck,US,46.8083,-100.7837,79.88,36,20,17.27,few clouds
424,Magdagachi,RU,53.45,125.8,73.08,46,14,3.96,few clouds
425,Prince Rupert,CA,54.3161,-130.3201,62.69,76,1,6.91,clear sky
426,Avera,US,33.194,-82.5271,79.72,70,75,4.52,broken clouds
427,Kotido,UG,2.9806,34.1331,65.55,80,21,2.46,few clouds
428,Port Blair,IN,11.6667,92.75,81.52,82,100,7.54,overcast clouds
429,Huilong,CN,31.8111,121.655,84.97,79,97,4.59,overcast clouds
430,Nisia Floresta,BR,-6.0911,-35.2086,74.21,95,8,6.67,clear sky
431,Along,IN,28.1667,94.7667,77.22,99,100,1.99,overcast clouds
432,Pravda,RU,46.9396,142.009,68.0,62,1,7.78,clear sky
433,Bandarbeyla,SO,9.4942,50.8122,75.7,78,45,20.47,scattered clouds
434,Muros,ES,42.7762,-9.0603,64.99,91,10,7.96,clear sky
435,Azare,NG,11.6765,10.1948,73.38,90,100,8.16,light rain
436,Abu Samrah,SY,35.3029,37.1841,77.52,52,0,4.14,clear sky
437,Sept-Iles,CA,50.2001,-66.3821,66.72,92,20,5.99,few clouds
438,Conakry,GN,9.538,-13.6773,76.23,90,100,7.99,moderate rain
439,Iqaluit,CA,63.7506,-68.5145,42.53,81,75,16.11,light rain
440,Nurota,UZ,40.5614,65.6886,69.89,24,0,6.85,clear sky
441,Severomuysk,RU,56.1481,113.4267,59.25,74,85,4.32,light rain
442,Touho,NC,-20.7833,165.2333,70.11,63,95,22.37,overcast clouds
443,Geraldton,AU,-28.7667,114.6,59.41,72,0,14.97,clear sky
444,San Quintin,MX,30.4833,-115.95,73.58,72,3,7.43,clear sky
445,Wattegama,LK,6.7989,81.4808,79.72,79,100,2.73,overcast clouds
446,Port Hardy,CA,50.6996,-127.4199,71.78,49,20,10.36,few clouds
447,Celina,US,40.5489,-84.5702,80.85,90,79,12.64,broken clouds
448,Tessalit,ML,20.1986,1.0114,93.49,12,0,13.49,clear sky
449,Jalu,LY,29.0331,21.5482,82.45,52,0,4.5,clear sky
450,Ranao,PH,16.2076,119.8155,78.98,78,100,3.29,overcast clouds
451,Grand Gaube,MU,-20.0064,57.6608,72.0,84,11,5.01,few clouds
452,Maridi,SS,4.9158,29.4742,64.27,97,100,2.68,overcast clouds
453,Salta,AR,-24.7859,-65.4117,50.29,54,20,1.99,few clouds
454,Beitbridge,ZW,-22.2167,30.0,57.11,70,0,3.6,clear sky
455,The Valley,AI,18.217,-63.0578,82.26,81,49,21.14,scattered clouds
456,Point Fortin,TT,10.1833,-61.6833,80.53,80,3,10.0,clear sky
457,Sao Joao Da Barra,BR,-21.6403,-41.0511,69.22,79,3,13.71,clear sky
458,Lagunas,PE,-5.2269,-75.6753,71.35,98,93,2.15,overcast clouds
459,Dharur,IN,18.8167,76.1167,77.02,71,75,9.71,broken clouds
460,Cairns,AU,-16.9167,145.7667,80.06,88,40,10.36,scattered clouds
461,San Giovanni In Fiore,IT,39.2633,16.6996,67.35,50,0,5.37,clear sky
462,Okha,RU,53.5739,142.9478,66.99,53,19,11.41,few clouds
463,Praia,CV,14.9215,-23.5087,77.54,69,75,10.36,broken clouds
464,Olafsvik,IS,64.8945,-23.7142,54.95,82,7,5.03,clear sky
465,Sungaipenuh,ID,-2.0833,101.3833,76.48,63,91,2.53,overcast clouds
466,Lakota,CI,5.8528,-5.6883,70.25,99,98,3.18,overcast clouds
467,Saint-Pierre,RE,-21.3393,55.4781,69.48,76,75,9.22,broken clouds
468,Cabedelo,BR,-6.9811,-34.8339,74.07,89,31,9.57,scattered clouds
469,Riyadh,SA,24.6877,46.7219,87.94,14,0,5.61,clear sky
470,Luganville,VU,-15.5333,167.1667,76.53,81,94,18.07,overcast clouds
471,Okhotsk,RU,59.3833,143.3,69.93,68,8,5.66,clear sky
472,Inhambane,MZ,-23.865,35.3833,63.14,91,8,8.79,clear sky
473,Tarbes,FR,43.25,0.1667,66.67,94,75,2.3,broken clouds
474,Hofn,IS,64.2539,-15.2082,51.89,85,100,8.41,overcast clouds
475,Kpandae,GH,8.4689,-0.0113,73.0,92,100,7.81,light rain
476,Bakchar,RU,57.0186,82.0711,54.7,98,100,9.51,light rain
477,Bulgan,MN,48.8125,103.5347,65.91,74,38,3.98,scattered clouds
478,Tambura,SS,5.6,27.4667,66.25,97,95,0.92,overcast clouds
479,Manggar,ID,-2.8833,108.2667,85.14,66,68,14.43,broken clouds
480,General Pico,AR,-35.6566,-63.7568,40.08,75,0,5.37,clear sky
481,Taonan,CN,45.3333,122.7833,64.78,79,100,11.3,overcast clouds
482,Visby,SE,57.6409,18.296,61.02,100,7,6.91,clear sky
483,Henties Bay,NA,-22.116,14.2845,51.85,90,7,5.41,clear sky
484,Kanakapura,IN,12.55,77.4167,76.24,77,100,8.23,overcast clouds
485,Mayo,US,38.8876,-76.5119,78.94,94,1,5.01,mist
486,Hohhot,CN,40.8106,111.6522,75.49,46,0,2.24,clear sky
487,Baghdad,IQ,33.3406,44.4009,84.11,34,0,5.75,clear sky
488,Rapid Valley,US,44.0625,-103.1463,89.2,28,1,10.36,clear sky
489,Finote Selam,ET,10.7,37.2667,54.52,95,20,2.98,few clouds
490,Los Llanos De Aridane,ES,28.6585,-17.9182,69.55,79,20,16.11,few clouds
491,Neiafu,TO,-18.65,-173.9833,70.48,100,90,11.5,light rain
492,Lufilufi,WS,-13.8745,-171.5986,89.38,71,28,13.51,scattered clouds
493,Mumbwa,ZM,-14.9783,27.0619,53.47,61,0,4.88,clear sky
494,Nortelandia,BR,-14.4547,-56.8028,68.18,55,8,3.31,clear sky
495,Colares,PT,38.7992,-9.4469,66.43,75,3,14.32,clear sky
496,Vallenar,CL,-28.5708,-70.7581,51.89,81,1,0.87,clear sky
497,Brae,GB,60.3964,-1.353,55.31,93,100,11.9,overcast clouds
498,Riohacha,CO,11.5444,-72.9072,79.74,86,39,3.06,scattered clouds
499,Mogok,MM,22.9167,96.5,67.55,99,100,3.13,light rain
500,Kaeo,NZ,-35.1,173.7833,61.32,71,14,8.48,few clouds
501,Ust-Kuyga,RU,70.0167,135.6,67.46,60,100,0.29,overcast clouds
502,Livingston,GB,55.9029,-3.5226,49.68,93,0,4.61,clear sky
503,Vyara,IN,21.1167,73.4,79.59,79,100,8.39,overcast clouds
504,Trairi,BR,-3.2778,-39.2689,79.11,81,4,12.84,clear sky
505,Astana,KZ,51.1801,71.446,57.15,82,90,8.95,overcast clouds
506,Richards Bay,ZA,-28.783,32.0377,60.01,65,0,7.47,clear sky
507,Mexico,PH,15.0646,120.7198,87.15,71,100,0.69,light rain
508,Lasa,IT,46.6166,10.7002,65.28,80,67,2.26,broken clouds
509,Dwarka,IN,22.2394,68.9678,80.64,79,100,15.35,overcast clouds
510,Bambous Virieux,MU,-20.3428,57.7575,71.85,83,75,9.22,light rain
511,Plettenberg Bay,ZA,-34.0527,23.3716,53.01,92,79,10.74,moderate rain
512,Ushtobe,KZ,45.2514,77.9838,84.6,22,98,2.24,overcast clouds
513,Bend,US,44.0582,-121.3153,98.46,18,1,1.99,clear sky
514,Tilichiki,RU,60.4667,166.1,67.66,45,11,3.53,few clouds
515,Santiago Del Estero,AR,-27.7951,-64.2615,50.81,33,100,7.47,overcast clouds
516,Zilupe,LV,56.3862,28.1217,57.24,98,100,4.12,overcast clouds
517,Nara,JP,34.6851,135.8049,76.37,81,100,1.03,light rain
518,Obidos,BR,-1.9175,-55.5181,77.07,73,21,3.65,few clouds
519,Tiarei,PF,-17.5333,-149.3333,77.02,82,54,16.04,light rain
520,Santa Rosa,PH,14.3122,121.1114,87.12,75,100,2.28,overcast clouds
521,Suntar,RU,62.1444,117.6319,77.9,43,0,0.18,clear sky
522,Ostrovnoy,RU,68.0531,39.5131,56.93,82,97,10.76,overcast clouds
523,Jibuti,DJ,11.5,42.5,83.62,57,7,5.06,moderate rain
524,Mercedes,AR,-34.6515,-59.4307,44.83,88,1,4.09,clear sky
525,Aitape,PG,-3.1374,142.3475,83.82,74,100,7.0,overcast clouds
526,Bayburt,TR,40.2589,40.2278,55.09,84,3,1.59,clear sky
527,Rundu,NA,-17.9333,19.7667,54.77,29,0,5.06,clear sky
528,Coruche,PT,38.9595,-8.5252,66.54,97,0,4.56,clear sky
529,Dutlwe,BW,-23.9833,23.9,52.43,47,1,8.12,clear sky
530,La Asuncion,VE,11.0333,-63.8628,82.13,89,56,11.5,broken clouds
531,Krasnoselkup,RU,65.7,82.4667,52.3,62,33,15.37,scattered clouds
532,Chuchkovo,RU,54.2693,41.4465,73.31,50,100,11.14,light rain
533,Grindavik,IS,63.8424,-22.4338,53.55,93,90,4.61,overcast clouds
534,Cedral,MX,23.8,-100.7333,70.41,57,87,14.29,overcast clouds
535,Ankazoabo,MG,-22.2833,44.5167,58.24,76,0,3.58,clear sky
536,Tetouan,MA,35.5711,-5.3724,72.39,94,44,2.3,mist
537,Cap Malheureux,MU,-19.9842,57.6142,72.09,84,10,5.01,light rain
538,Candido Mendes,BR,-1.4467,-45.7167,74.59,97,97,3.76,overcast clouds
539,Klyuchevskiy,RU,53.5317,119.4519,65.48,61,97,3.67,overcast clouds
540,Nikki,BJ,9.9401,3.2108,70.81,95,100,4.7,overcast clouds
541,Moree,AU,-29.4667,149.85,71.62,56,40,10.36,scattered clouds
542,Rassvet,RU,46.8333,40.75,70.75,94,61,3.85,light rain
543,Hamilton,US,39.1834,-84.5333,85.08,76,1,9.22,clear sky
544,Springdale,US,36.1867,-94.1288,85.57,61,1,6.91,clear sky
545,Alta Floresta,BR,-9.8756,-56.0861,73.49,37,1,3.33,clear sky
546,Praia Da Vitoria,PT,38.7333,-27.0667,72.75,88,20,13.33,few clouds
547,Toora-Khem,RU,52.4675,96.11,68.16,59,100,4.41,overcast clouds
548,Coahuayana,MX,18.7333,-103.6833,78.28,87,76,1.95,broken clouds
549,Sao Pedro Do Sul,BR,-29.6206,-54.1789,39.85,76,0,4.85,clear sky
550,Galesong,ID,-5.3166,119.3661,89.62,62,40,1.54,scattered clouds
551,Muisne,EC,0.6,-80.0333,74.37,83,100,9.62,overcast clouds
552,Chittaurgarh,IN,24.8833,74.6333,78.89,75,12,12.3,few clouds
553,Dafeng,CN,23.4517,108.5881,88.02,70,100,7.29,overcast clouds
554,Adrar,MR,20.5022,-10.0711,92.79,18,90,12.8,overcast clouds
555,Khromtau,KZ,50.2503,58.4347,58.6,63,9,14.67,clear sky
556,Puerto Escondido,MX,15.85,-97.0667,83.23,65,40,6.91,scattered clouds
557,Libreville,GA,0.3925,9.4537,77.02,88,40,6.91,scattered clouds
558,Santa Margherita Ligure,IT,44.3346,9.212,80.73,65,0,1.99,clear sky
559,Uarini,BR,-2.99,-65.1083,78.64,67,86,2.48,overcast clouds
560,Mana,GF,5.6592,-53.7767,76.66,90,100,5.53,overcast clouds
561,Soledar,UA,48.6794,38.089,68.9,59,96,6.6,overcast clouds
562,San Patricio,US,28.017,-97.5169,86.09,71,0,12.08,clear sky
563,Verkhovazhye,RU,60.7472,42.0465,63.05,99,100,3.36,light rain
564,Portel,BR,-1.9356,-50.8211,73.98,97,89,5.28,heavy intensity rain
565,Krasnogorskiy,RU,54.6025,61.231,55.6,63,17,12.21,few clouds
566,Kruisfontein,ZA,-34.0033,24.7314,47.88,81,28,12.68,moderate rain
567,Garissa,KE,-0.4536,39.6401,72.3,73,80,12.71,broken clouds
568,Atlantic City,US,39.3643,-74.4229,80.78,85,1,4.61,clear sky
569,Weligama,LK,5.9667,80.4167,80.13,82,100,14.61,overcast clouds
570,Port Macquarie,AU,-31.4333,152.9167,67.96,48,47,4.25,scattered clouds
571,Malakal,SS,9.5334,31.6605,70.21,97,100,2.1,overcast clouds
572,Muli,MV,2.9167,73.5667,83.19,74,100,15.14,overcast clouds
573,Canton,CN,23.1167,113.25,91.35,60,98,5.66,light rain
574,Pangoa,PE,-12.1167,-73.0,69.85,70,14,2.91,few clouds
575,Tiznit,MA,29.5833,-9.5,65.93,69,3,0.58,clear sky
576,Nabire,ID,-3.3667,135.4833,84.0,72,94,1.59,overcast clouds
577,Kiunga,PG,-6.1219,141.2906,81.36,86,64,4.23,broken clouds
578,Bayeux,BR,-7.125,-34.9322,74.03,100,90,5.75,overcast clouds
579,Marau,BR,-28.4492,-52.2,39.34,95,1,5.53,clear sky
580,Timiryazevskiy,RU,56.49,84.8769,63.55,96,99,3.53,overcast clouds
581,Grand Baie,MU,-20.0182,57.5802,72.07,84,13,5.01,light rain
582,Wanning,CN,18.8003,110.3967,89.24,69,98,9.84,overcast clouds
583,Carahue,CL,-38.7,-73.1667,50.2,89,0,2.71,clear sky
584,Curuguaty,PY,-24.4694,-55.6945,57.31,56,99,4.29,overcast clouds
585,Tubuala,PA,9.5167,-79.0333,77.88,87,100,3.47,overcast clouds
586,Abilene,US,32.4487,-99.7331,88.02,44,1,5.75,clear sky
587,Ayan,RU,56.45,138.1667,66.56,72,1,6.73,clear sky
588,Algiers,DZ,36.7525,3.042,73.22,73,0,2.3,clear sky
589,Halifax,CA,44.6453,-63.5724,69.69,93,96,1.99,overcast clouds
590,Pushkinskiye Gory,RU,57.0209,28.9103,57.04,93,93,5.35,overcast clouds
591,Bukama,CD,-9.2,25.85,66.16,32,0,3.15,clear sky
592,Joensuu,FI,62.6012,29.7632,52.29,100,50,1.14,fog
593,Port Augusta,AU,-32.5,137.7667,60.94,58,0,2.59,clear sky
594,Lincoln,US,40.8,-96.667,82.44,74,1,1.01,clear sky
595,Havoysund,NO,70.9963,24.6622,52.68,97,100,12.62,light rain
596,Chenzhou,CN,25.8,113.0333,92.12,58,100,4.41,light rain
597,Whitley Bay,GB,55.0397,-1.4471,55.2,99,6,1.14,mist
598,Anadyr,RU,64.75,177.4833,45.1,81,90,13.42,overcast clouds
599,Boyolangu,ID,-8.1181,111.8935,81.19,73,66,12.77,broken clouds
600,Chistogorskiy,RU,53.9835,87.3843,68.41,69,76,8.48,broken clouds
601,Bolobo,CD,-2.1667,16.2333,72.72,69,59,2.73,broken clouds
602,Campbell River,CA,50.0163,-125.2446,84.58,38,40,1.01,scattered clouds
603,Marfino,RU,55.7028,37.3822,65.48,94,75,8.95,mist
604,Dilla,ET,6.41,38.31,59.29,90,58,3.22,broken clouds
605,Chongwe,ZM,-15.3292,28.682,51.55,75,0,3.33,clear sky
606,Xining,CN,36.6167,101.7667,67.05,47,100,2.59,overcast clouds
607,Zyryanka,RU,65.75,150.85,78.85,32,97,3.47,overcast clouds
608,Ketchikan,US,55.3422,-131.6461,64.87,55,75,5.75,broken clouds
609,Karasjok,NO,69.4719,25.5112,55.51,94,96,4.23,overcast clouds
610,Linden,GY,6.0,-58.3,75.34,97,100,2.35,light rain
611,Bubaque,GW,11.2833,-15.8333,79.84,83,100,12.39,light rain
612,Zharkent,KZ,44.1628,80.0,83.19,20,5,4.61,clear sky
613,Chernyy Yar,RU,48.0624,46.1091,78.75,46,98,6.35,overcast clouds
614,Lisala,CD,2.15,21.5167,69.28,98,100,2.01,overcast clouds
615,Aipe,CO,3.2222,-75.2367,76.21,65,39,2.82,scattered clouds
616,Kungurtug,RU,50.5994,97.5228,58.21,86,100,2.24,overcast clouds
617,Lubango,AO,-14.9172,13.4925,58.05,35,0,3.8,clear sky
618,Okahandja,NA,-21.9833,16.9167,57.51,58,4,2.91,clear sky
619,Porto Murtinho,BR,-21.6989,-57.8825,57.56,65,100,6.73,overcast clouds
620,Oudtshoorn,ZA,-33.5907,22.2014,46.76,90,77,9.66,moderate rain
621,Ongandjera,NA,-17.8833,15.0667,57.27,55,0,9.15,clear sky
622,Nenjiang,CN,49.1833,125.2167,69.4,70,5,9.44,clear sky
623,Lobito,AO,-12.3481,13.5456,71.11,83,96,2.57,overcast clouds
624,Verkhnyaya Inta,RU,65.9811,60.3094,61.99,63,100,10.29,overcast clouds
625,Gazanjyk,TM,39.2446,55.5154,85.35,17,1,8.28,clear sky
626,Darhan,MN,49.4867,105.9228,72.12,61,0,2.51,clear sky
627,Chumikan,RU,54.7183,135.315,73.99,50,6,14.7,clear sky
628,Maneadero,MX,31.7167,-116.5667,80.19,83,65,1.99,broken clouds
629,Arlit,NE,18.7369,7.3853,94.77,25,71,9.55,broken clouds
630,Roros,NO,62.5747,11.3842,44.44,93,90,3.44,overcast clouds
631,Ichchapuram,IN,19.1167,84.7,90.52,60,100,3.38,overcast clouds
632,Liverpool,GB,53.4106,-2.9779,58.68,84,48,1.01,scattered clouds
633,Dicabisagan,PH,17.0818,122.4157,81.46,83,100,5.3,heavy intensity rain
634,Causapscal,CA,48.3542,-67.227,68.68,95,74,5.01,broken clouds
635,Karymskoye,RU,51.6167,114.35,58.98,95,100,2.17,overcast clouds
636,Husavik,IS,66.0449,-17.3389,44.51,74,15,10.36,few clouds
637,Uyuni,BO,-20.4597,-66.825,41.32,30,2,7.83,clear sky
638,Erdaojiang,CN,41.7764,126.0319,64.99,92,100,2.77,overcast clouds
639,Sola,VU,-13.8833,167.55,78.13,77,69,29.04,broken clouds
640,Acari,PE,-15.4311,-74.6158,63.36,70,66,3.44,broken clouds
641,Hastings,GB,50.8552,0.5729,63.91,93,100,6.62,overcast clouds
642,Pathein,MM,16.7833,94.7333,86.83,70,100,5.75,overcast clouds
643,Karaman,TR,37.0833,33.25,57.2,84,8,7.23,clear sky
644,Sisimiut,GL,66.9395,-53.6735,43.99,80,31,6.98,scattered clouds
645,Aberdeen,GB,57.1437,-2.0981,54.09,96,100,3.44,overcast clouds
646,Lao Cai,VN,22.4833,103.95,82.29,81,100,1.01,overcast clouds
647,Lakes Entrance,AU,-37.8811,147.981,62.19,49,29,14.45,scattered clouds
648,San Cristobal,VE,7.7669,-72.225,75.38,98,97,2.15,overcast clouds
649,Marsh Harbour,BS,26.5412,-77.0636,83.43,73,9,14.16,clear sky
650,Haines Junction,CA,60.7522,-137.5108,60.75,44,100,6.91,overcast clouds
651,Bayan,CN,46.0833,127.4,60.12,97,100,9.31,overcast clouds
652,Nemuro,JP,43.3236,145.575,63.03,66,25,2.46,scattered clouds
653,Pangody,RU,65.85,74.4859,58.93,59,88,4.5,overcast clouds
654,Isiro,CD,2.7739,27.616,66.24,99,100,0.67,overcast clouds
655,Sao Filipe,CV,14.8961,-24.4956,74.82,78,54,10.38,broken clouds
656,Tatvan,TR,38.5067,42.2817,64.27,55,15,4.45,few clouds
657,Sadat,IN,25.6833,83.2833,77.09,73,98,6.96,heavy intensity rain
658,Lubao,PH,14.9167,120.55,87.15,76,100,1.54,overcast clouds
659,Horadiz,AZ,39.4488,47.3353,68.77,38,0,2.93,clear sky
660,Ishigaki,JP,24.3448,124.1572,84.33,84,75,19.57,broken clouds
661,Agua Verde,MX,22.9,-106.05,85.12,75,39,8.16,scattered clouds
662,Barentu,ER,15.1139,37.5928,67.48,90,6,5.97,clear sky
663,Barcelona,ES,41.3888,2.159,86.61,65,0,2.3,clear sky
664,Ozernovskiy,RU,51.5,156.5167,54.61,79,100,7.94,overcast clouds
665,Palapye,BW,-22.546,27.1251,53.58,70,0,5.93,clear sky
666,Ojinaga,MX,29.5667,-104.4167,86.95,39,90,23.02,overcast clouds
667,Salamanca,ES,40.8333,-6.0,65.98,44,0,4.79,clear sky
668,Fonte Boa,BR,-2.4959,-66.2662,74.84,82,31,1.25,scattered clouds
669,Porto-Vecchio,FR,41.591,9.2795,71.06,94,0,2.3,clear sky
670,Rurrenabaque,BO,-14.4413,-67.5278,64.22,63,92,2.66,overcast clouds
671,Galle,LK,6.0367,80.217,79.52,85,98,15.17,overcast clouds
672,Collingwood,CA,44.4834,-80.2164,77.02,78,43,14.67,scattered clouds
673,Adelaide,AU,-34.9333,138.6,60.85,81,75,1.99,broken clouds
674,Jurado,CO,7.1053,-77.7641,76.89,90,93,2.19,light rain
675,Dunda,TZ,-8.1167,34.25,55.81,80,0,2.15,clear sky
676,San Vicente,AR,-26.6167,-54.1333,47.34,77,72,5.35,broken clouds
677,Thornbury,GB,52.2333,-2.55,56.28,95,3,3.89,clear sky
678,Saint Anthony,US,45.0205,-93.218,76.62,50,1,1.01,clear sky
679,Guayaramerin,BO,-10.8368,-65.3614,75.38,47,90,3.11,overcast clouds
680,Nouakchott,MR,18.0858,-15.9785,78.73,61,73,20.27,broken clouds
681,Mata Grande,BR,-9.1175,-37.7322,61.38,98,38,4.12,scattered clouds
682,Manaus,BR,-3.1019,-60.025,79.29,89,0,2.3,clear sky
683,Mweka,CD,-4.85,21.5667,72.68,53,71,2.13,broken clouds
684,Waitati,NZ,-45.75,170.5667,57.79,47,100,10.29,overcast clouds
685,Yaan,NG,7.3833,8.5667,70.88,97,100,5.93,overcast clouds
686,Hervey Bay,AU,-25.2986,152.8535,75.31,58,37,7.23,scattered clouds
687,Rawson,AR,-43.3002,-65.1023,47.01,51,0,11.07,clear sky
688,Presidencia Roque Saenz Pena,AR,-26.7852,-60.4388,46.78,41,95,5.97,overcast clouds
689,Shingu,JP,33.7333,135.9833,79.92,97,100,3.71,heavy intensity rain
690,Ballina,AU,-28.8667,153.5667,75.78,53,40,3.44,scattered clouds
691,Kerrville,US,30.0474,-99.1403,83.77,67,1,4.61,clear sky
692,Mogadishu,SO,2.0371,45.3438,75.4,86,56,14.9,broken clouds
693,Sao Gabriel Da Cachoeira,BR,-0.1303,-67.0892,71.01,98,48,1.83,heavy intensity rain
694,Colac,AU,-38.3333,143.5833,58.15,63,61,12.57,broken clouds
695,Svetlogorsk,BY,52.6333,29.7333,55.81,97,3,8.84,clear sky
696,Port Hedland,AU,-20.3167,118.5667,71.65,12,0,21.85,clear sky
